<jobSummary archiveFilename="ats_easy/sukravi/archive/22-07/Nyquist-17.6.4-June22=mini-tb101fr=topo4-3-2=stack3-frkl===1=13.2022Jul06_08:43:55.zip" atsTreePath="/auto/iconatest/production/hcl/ats6.0.0">
 <jobName>Nyquist-17.6.4-June22=mini-tb101fr=topo4-3-2=stack3-frkl===1=13</jobName>
 <image>NA</image>
 <passed>0</passed>
 <failed>1</failed>
 <errored>0</errored>
 <aborted>0</aborted>
 <blocked>0</blocked>
 <skipped>0</skipped>
 <unknown>0</unknown>
 <starttime>2022-07-06T08:43:55</starttime>
 <stoptime>2022-07-06T08:51:31</stoptime>
 <runtime>07:36</runtime>
 <testbed/>
 <release/>
 <submitter>sukravi</submitter>
 <debugProfile>0</debugProfile>
 <host>mini-tb101fr.cisco.com</host>
</jobSummary>

